id_periodo,id_fonte,receita_total,despesa_total,resultado_primario
1,1,18304.8354934270,13763.6322330900,1480.6617790077
2,1,17018.0819086039,12616.1881489000,1476.3165261393
3,1,20072.8937631650,12858.2402037900,4014.0271826644
4,1,18995.2774225620,11899.7243834700,3937.3072345720
5,1,19185.1262009110,13094.6616901700,2881.9599820117
6,1,18199.0404995190,13862.9857468900,1641.2366779952
7,1,18559.0478846370,15202.4477940800,355.8666311873
8,1,20688.9202433770,14609.0997505000,3271.8921162967
9,1,18747.6052251790,14298.0143601600,1593.1241229162
10,1,19885.9502134420,16001.7281794000,1025.1552702929
11,1,20029.4395717320,15245.2684045700,1290.7816000641
12,1,25365.7080338010,23920.0716134100,-1986.1250145284
13,1,22546.7383873410,15831.9616481900,2556.3715507455
14,1,18331.6641290205,14209.5901498900,569.0139454260
15,1,21516.4018139810,14871.1479451900,3583.3419494904
16,1,24456.0111869380,14565.5473775300,6504.3874556679
17,1,23303.6966818010,15783.0501580100,3498.5087702098
18,1,20797.1102565910,15753.0363211900,1563.6277211897
19,1,21867.6067780110,17416.6023572400,1188.7045924782
20,1,22460.7786493960,16701.7388835300,2389.3233441983
21,1,21085.1866625091,15921.2883067700,1560.7288513992
22,1,23373.2991331995,17726.1401167178,2381.0412926225
23,1,22064.5821179530,17402.1999652100,784.8380037668
24,1,28638.1053416048,29460.8762361500,-4842.7871676031
25,1,29078.8628826356,18450.3226104000,6029.7540715618
26,1,23843.3250172609,16343.9426312300,2525.6766552654
27,1,23280.3911773254,17297.9706256600,2004.7983789064
28,1,26673.4689105410,16954.9170844900,5726.2176711731
29,1,24789.0032167920,17904.7489240100,1831.3069072576
30,1,22182.3302402210,17157.2370468600,1771.7673608162
31,1,27003.6551856020,21368.8568961100,1781.3252072430
32,1,23982.4104751800,18781.8816383830,1324.1184440422
33,1,28905.4338960810,17890.0414955070,6956.2783377596
34,1,29822.4524868010,21049.5564238040,3797.2801336064
35,1,26797.5607879810,20657.7499110100,1027.3481018081
36,1,33697.5605831000,32603.8421414300,-3198.6666503212
37,1,32258.5185252591,19998.7914640183,7171.3345277850
38,1,27572.6092722510,18164.5737896200,3833.3737867253
39,1,26120.9672163320,17456.5210024500,4127.6115220572
40,1,31994.2964681110,17994.9374976200,9671.7194144476
41,1,29444.9739483710,19216.8248684400,3724.6286724110
42,1,24988.3317960200,20213.2465443900,760.3916600215
43,1,29460.6495276310,22914.4989850700,2807.9434570486
44,1,28122.3126568410,20762.4210240500,2487.5126023292
45,1,28050.1162980200,20166.4241885900,3764.0709398300
46,1,31624.7661690320,23071.2263423400,4327.4961259920
47,1,29664.7850463800,22077.2327787900,2362.0654628300
48,1,36829.2079524520,38085.6972881000,-5958.0997616480
49,1,34632.4998639946,22119.5438713800,7243.0129287097
50,1,31399.7982778558,21101.8105944500,4282.9800238155
51,1,32900.9072120433,22411.7632066700,5744.8827163737
52,1,34848.3787103991,22485.7395572400,7128.5449102844
53,1,32861.3158414152,22558.6085589400,3770.9204341331
54,1,33267.7295907809,23755.7067421500,5660.2675269465
55,1,34778.6235607403,26639.9866176400,3621.8874855349
56,1,33470.9741995875,24244.5761710100,3460.1443172109
57,1,34334.3253446550,24839.4442930400,4705.6752695928
58,1,35722.5200993746,25610.3674111300,4741.8916474444
59,1,33368.2887997575,25645.1924660360,1757.1254600880
60,1,47407.9276563896,44197.9189818240,-2775.9074132544
61,1,41412.1054536998,25834.3202827233,8377.5061949763
62,1,35160.1388315302,26699.2673644600,2016.0225705987
63,1,38227.2136159764,25777.3432180000,6572.9117656884
64,1,42748.1103780484,23773.3531207700,12712.9816393221
65,1,36882.8298770027,26421.7337802500,2779.5033835435
66,1,40391.3020366253,28437.4914083500,5766.1785336516
67,1,40143.8862526475,29207.7407101200,4757.4398438478
68,1,39225.7902790410,28944.5192162100,3781.7423607933
69,1,36668.9202430919,28700.1371733800,2786.8763828972
70,1,41383.6819863044,29417.3980909400,5853.1661660660
71,1,39794.6376187520,30486.7939470100,1278.0444798195
72,1,55783.4643313100,51225.2803260462,-4009.2055924862
73,1,45585.4422880413,33068.6033125600,4054.9754258426
74,1,38550.5927680880,27598.7824268300,3607.7289097735
75,1,41432.6735220757,27644.1363633350,7290.0707672827
76,1,48874.1598060073,26916.3761809900,14685.5350835749
77,1,42131.8591009642,30802.6386948800,2662.2156973306
78,1,44353.4909137321,31201.6376117600,6050.3670701535
79,1,44796.2958406011,34452.2914648900,3027.1236596741
80,1,45376.1087736088,31283.6507091200,6271.5102893725
81,1,44712.1467318937,37584.6251809000,375.3918097636
82,1,46777.8640385050,33526.1609801900,6850.4312231603
83,1,42681.7534213429,34624.9231386900,-336.6695516066
84,1,57537.6182054688,55034.5657389900,-5790.4503440605
85,1,52093.7454245500,32219.9093588116,11556.2946912823
86,1,43127.7555396700,30635.4811161749,3499.4974919453
87,1,47648.2626011300,37211.3983822835,3864.3858666478
88,1,54958.3047672080,32247.7725348400,14095.0640074833
89,1,48187.9527872400,34622.1842987700,4242.1165423002
90,1,49421.9897762920,35574.0747277200,5198.4301361436
91,1,50863.1691872500,38255.0725579200,5162.6539008572
92,1,48634.8667618020,36845.2858162400,3663.5173929099
93,1,49283.7472683800,41636.1309613700,38.7076929578
94,1,54653.4271744100,36843.1540432300,9877.9872183400
95,1,52487.5323756286,38821.1738793466,4504.1460907242
96,1,66991.3547968324,63873.4095651398,-8052.4121643907
97,1,64545.5676952933,38934.8055140376,15362.5088696594
98,1,50047.8436965967,33581.3858072024,5217.3041796180
99,1,55599.7048848500,35518.1868011100,10606.7307051645
100,1,63467.3238049200,36387.7284455500,16720.6692029672
101,1,54766.7882488900,37589.6274031510,5550.4704761145
102,1,56135.1888680500,38987.6529285200,7920.6993106489
103,1,62779.1031064600,46615.1636171500,7204.5694743225
104,1,58383.0065049600,40171.6614836500,6267.5739618876
105,1,59933.1576604100,44579.7366230936,6134.0518584217
106,1,65600.8675810300,41581.3556933300,14867.3005366963
107,1,55170.4457677500,46864.1005160000,-4419.0421924678
108,1,69186.8974714300,76007.0894217000,-19994.4472421826
109,1,62791.3549183000,48194.7848907300,3977.8447639255
110,1,48239.1071227700,38591.8019375500,-1111.3237091366
111,1,55817.2828629100,41303.7045825300,6626.5113860623
112,1,62786.1227923800,43625.8818437900,10031.4013372631
113,1,56247.8314126200,45045.8497165099,-366.9097670399
114,1,54943.4526706700,46162.8810291194,-618.1511855890
115,1,60234.2575271000,51002.6475652602,1509.6398989547
116,1,60716.9187204500,47727.1128848226,3382.7137880609
117,1,53401.3563135300,53343.1880017120,-7813.6898043911
118,1,69305.8532055100,48579.0435127100,11234.8637226404
119,1,74135.9690577500,51421.4431632100,10662.8055441589
120,1,79505.4393459900,64011.1152519099,1920.7128882056
121,1,73822.7711772300,50288.8189999791,13808.8557326494
122,1,56999.1694073600,45567.8399413146,-1181.1712392853
123,1,62456.0982655900,58386.9989049212,-4565.6479117241
124,1,78472.7805664885,51507.3909017068,16480.5632394119
125,1,65405.0969740273,52709.7975883968,-582.4864638334
126,1,61370.2494933200,50134.2633279627,614.3551611581
127,1,68463.7135239700,59150.1776271411,725.9874573277
128,1,69713.7598878400,54196.2601854308,3863.1472020786
129,1,139092.6518443300,104159.3108553029,25946.0525048037
130,1,73969.6031630510,55932.2917655659,7717.6895796250
131,1,70985.5561821148,57806.6889489166,884.9197550862
132,1,97779.9190109070,67430.0724562944,14178.9039242517
133,1,90785.1899893900,62969.8988107645,14073.7459254206
134,1,66784.3241128700,48276.5174353001,2527.4984113051
135,1,73339.4392583700,54266.9337164659,8887.9927517697
136,1,89169.0946939500,60659.6105469139,15491.3889048541
137,1,75397.3153671000,55363.6076763752,4042.5293916435
138,1,83500.1249851700,59934.6725618993,10407.6224157005
139,1,89953.9996353700,66982.4394137833,11103.1335642651
140,1,74778.1524092200,58532.2104808037,2537.3418048211
141,1,78294.8492583900,63233.6323405068,5300.6443675324
142,1,86529.7085326300,61855.2437622611,11406.0886648812
143,1,79551.0898564900,60223.1645896798,4629.6884710398
144,1,100186.7885579700,81045.4453845122,1483.3561875471
145,1,102285.4360775600,67588.3133027977,20621.8918613185
146,1,77571.6243320100,53847.4231243085,5372.9870536870
147,1,82909.8544581100,63747.6930692331,7407.7401465615
148,1,96629.1958821500,71425.3896460425,10840.6324315782
149,1,81415.1489256900,62327.5486118692,1475.6233757216
150,1,79856.6324430370,65410.3963331000,695.4301452510
151,1,88113.7129918100,73384.5320990547,3769.8262042662
152,1,81574.3287130800,66484.8996986967,1385.2949248251
153,1,81245.7396386575,69811.5062471582,1067.8894270667
154,1,90875.4038646300,69800.2199369365,9420.6377448182
155,1,82889.7577359300,71802.9128277778,-4802.6954333273
156,1,126922.5843680700,80276.1804511024,27732.7083662327
157,1,117231.1494663800,76329.5036116933,26122.8705707054
158,1,75977.8498182100,61132.2273218283,-6684.3833776319
159,1,79833.7122437900,68276.8073409878,-420.1154189893
160,1,104232.8960679200,85084.1173884514,6691.7701293730
161,1,92325.5328741500,67954.2253765603,5557.6837811294
162,1,90290.3497987200,74815.1047314570,813.9206548683
163,1,97276.9807627800,82662.0111606888,3417.9313504380
164,1,89012.8512201700,73708.5262994170,-335.3422464304
165,1,86769.2439344900,85389.2943347798,-10680.5472513566
166,1,100162.1619993500,82809.0371741350,4928.4038217976
167,1,126264.5059454200,80119.6147583245,28349.6714117782
168,1,119606.0044536901,86648.6632518227,14397.2814860616
169,1,124779.0699616100,92948.2348509615,12240.0647020935
170,1,86868.5385534300,69869.7853888017,-3314.6499507065
171,1,93683.9351133500,77279.7862140607,2924.2215297456
172,1,111991.8146084100,81433.7021906781,16157.9311741545
173,1,90108.7153762000,81923.3385487014,-11481.7520913022
174,1,92902.9444526800,81181.2372433046,-2682.0060153915
175,1,101007.0092221600,91086.6684648481,-2623.6936403942
176,1,99751.7841086000,93477.2217538768,-10647.3231850103
177,1,91517.4762706900,98838.3784116840,-20838.3166458570
178,1,105862.7150236000,88791.3057597423,3021.4125087007
179,1,102342.4889272500,91259.7968273428,-7191.7128989617
180,1,120657.6407229400,98405.5799315179,953.4211003885
181,1,125392.5516556400,95398.4102485301,9988.3069474095
182,1,91616.4774273900,77600.6043851212,-7429.4832268436
183,1,97489.2302357700,81869.8029188025,1120.0573624646
184,1,117430.6742620400,91979.1756763729,9902.3073911318
185,1,97119.7381310500,86043.3061437883,-8553.7346628137
186,1,97950.8550417200,90207.3099199040,-8940.5193040044
187,1,105324.2557134600,98954.4753949515,-7762.3889522669
188,1,95466.7092885100,84930.2237657930,-5706.3212369591
189,1,95546.4444698501,89899.0748653857,-7182.4263084339
190,1,103009.1095875500,101078.9884517308,-13189.8170917316
191,1,92030.5755445300,96327.5241605552,-21280.6095352730
192,1,130727.0648565500,170632.7596155353,-61467.5979106113
193,1,141213.2408606636,109355.2090908022,14688.7535275655
194,1,89700.0179198500,92966.4214251427,-25411.7252718920
195,1,98324.8231622752,92786.2405976014,-7829.6193266656
196,1,119611.6969254300,95053.2517909761,8816.9892950209
197,1,96522.5478015157,93299.4622052614,-16987.0949771063
198,1,100349.0692485200,93516.6530497786,-9743.5905060288
199,1,107899.9063442700,111057.6266248679,-19226.5389969164
200,1,91398.2992254400,95409.0831182731,-20302.2987514067
201,1,93743.8389740100,106091.3976153553,-25239.1037364424
202,1,148050.4747217399,91321.4674994356,40872.1135292270
203,1,100498.6295957100,113186.8975301383,-38466.7309686777
204,1,128672.7238522120,156381.8715919783,-62446.7787326167
205,1,137391.5006747000,100804.2183374575,18004.7026460974
206,1,94021.0600065500,95396.6175718744,-26336.4114249830
207,1,103076.9881309170,98971.5514799620,-11231.4013340516
208,1,126089.6213863983,95777.1304258784,12315.8745859765
209,1,99332.9004123800,107120.5214592126,-29387.3333298751
210,1,104766.7447057600,106489.1775203913,-19844.1896881730
211,1,108518.9064944900,109282.6234752580,-20154.5044283549
212,1,109677.4823308800,101682.8444710561,-10110.9697648926
213,1,103992.1816911475,112596.6121582189,-22822.0532682379
214,1,120300.9227143700,98190.2611191275,5073.2707558816
215,1,124797.2007770010,105359.4666825866,1260.5758128552
216,1,151687.6375570551,147908.2675416276,-21029.0471969041
217,1,156164.8503937401,105366.3912656176,30842.3702434261
218,1,106134.9573738800,97551.2746050323,-19218.2299387939
219,1,107391.9637964770,114161.4277638910,-24494.9362621790
220,1,139303.0043245500,112120.2130960411,8684.1835093704
221,1,116341.7206112755,102383.1578028905,-11026.8072431195
222,1,109541.9995069800,105423.3077087520,-16379.9645604458
223,1,126534.6314855900,114121.2171994687,-7488.0605304728
224,1,114964.4840111252,112228.8200713090,-19657.3538295364
225,1,111637.0560194200,119653.6137132876,-23025.7570139113
226,1,132097.1753991600,105395.2758975312,9508.7450592005
227,1,124296.1278297000,115642.9263896085,-16218.1173761955
228,1,144591.2355308164,148449.1950064246,-31747.3544518796
229,1,160818.8587101200,106857.8403895139,30030.2166003931
230,1,114680.2580237800,103619.4397788706,-18231.4645516452
231,1,114137.0983570900,115541.8583265917,-21086.7497189846
232,1,144685.9118162100,118205.4087620513,6525.6632651329
233,1,118363.7141571500,105560.1901701827,-14743.0156171639
234,1,113036.7070219000,104337.8432796797,-11805.3055581974
235,1,136081.9588587400,120201.2513480187,-5934.2576254958
236,1,117339.1974023400,111047.2738755186,-16820.6260816642
237,1,120766.9896070200,123456.9826536059,-20471.8480876109
238,1,134802.5666860300,107970.6136050560,8683.6517811251
239,1,127196.8679240200,118501.9874432376,-16574.1147689450
240,1,233697.7336656300,207041.1553074475,-14636.8963281514
241,1,174040.2393405800,107638.9325726241,44132.9774049999
242,1,115825.0790981400,108287.1959936348,-25858.1898475643
243,1,111124.3595159200,112931.0209216473,-21130.5641711962
244,1,100867.0038781900,175097.0943441408,-93001.1390113731
245,1,76066.9452247900,180654.5499855801,-126635.6180472585
246,1,80703.1647891600,259837.5046413454,-194853.1080639417
247,1,111118.4949341200,178157.3797683645,-87886.4804976342
248,1,121433.4971066400,198213.0251262110,-96070.0439936341
249,1,122007.4029127700,182777.3874467393,-76144.2692750642
250,1,153601.4533418000,136689.3752254408,-3418.6241718207
251,1,139788.3516535400,131445.6222264457,-18256.9761375161
252,1,161520.1454348500,175823.8186852643,-44132.7817924567
253,1,181807.4739615200,112145.1975934056,43505.0967648295
254,1,130111.5498497000,116639.1281808155,-21338.6378451223
255,1,141886.1467917400,116172.9063173956,2038.8615226902
256,1,163885.0594843800,122822.1747344256,16657.8029199780
257,1,146495.5985773800,133859.7671478156,-20957.4965085717
258,1,136345.9329145900,184145.9081049056,-73474.0287449599
259,1,167200.7203907300,158681.1909700756,-19519.6133019453
260,1,150897.2023402900,127449.3814430356,-9070.0507579426
261,1,151814.1146148300,127829.1160221956,590.0988659913
262,1,182822.0028811000,127962.1154257756,28482.7435596583
263,1,167826.4992454700,126956.5385678756,4188.1158566532
264,1,211557.3785710100,159507.3546934956,13829.1731784494
265,1,236577.2811206700,126562.2214639856,76810.8035519601
266,1,165317.5561114900,137316.2584720156,-20366.7875333308
267,1,169458.4234699100,147052.2078307456,-6417.8151070809
268,1,198650.3679518899,137206.3187783955,28996.5560641148
269,1,172882.1147937100,161360.0304399956,-39317.6155541601
270,1,224262.2912291400,176106.1530161455,14587.6920080175
271,1,199958.4368817600,143804.9618225756,18935.2347005830
272,1,179272.0699856400,190894.5887980955,-52282.1694654113
273,1,177722.0357046399,136770.0112484256,9472.9309546215
274,1,203281.7061183000,142010.7529357055,28801.1830483776
275,1,168455.7679904200,142409.8633626355,-16834.0995403211
276,1,217467.3744844600,168199.7231317955,4022.5484827668
277,1,257577.6578358900,141879.4425749356,79045.8473946161
278,1,153604.0170181100,143398.8746740656,-40510.3624397211
279,1,176784.2298475400,152624.1061638955,-6645.1216549591
280,1,204154.3903578700,154611.3641771555,15773.7587592954
281,1,186752.9079547200,190281.0845825255,-44693.3151229850
282,1,180196.5544872700,190602.2815108356,-44943.1903963592
283,1,193718.4528710200,196283.4940163555,-35781.2630661224
284,1,170690.9985576600,161211.7476092355,-26610.0373821165
285,1,201484.0022749600,158668.5343077155,11705.3504989324
286,1,212628.3447969900,161876.6711082855,18262.9564164530
287,1,179914.9668147900,175351.7366075956,-38070.6083324581
288,1,235925.7202116800,303133.2007057656,-116033.3959672291
289,1,279182.8424404300,158409.6031751056,79462.4823776307
290,1,189446.6644449600,190980.4482653256,-58267.0868389691
291,1,199226.8940169400,165386.2492528156,-1024.3964399410
292,1,228150.5243299100,180196.1537614256,11584.8410338193
293,1,210338.6008809700,225476.7760232856,-60408.0353665724
294,1,203107.7885222000,199317.7633336555,-38720.5868004158
295,1,221809.8481023000,192823.6787419056,-8867.6261088164
296,1,195013.9283261700,171341.3240489056,-22161.9584523669
297,1,200301.2612397201,168024.6515832355,-5170.3320078648
298,1,246238.7928092000,168377.8404555456,41045.7161061651
299,1,214661.4512033000,172301.1611526856,-4502.9120223495
300,1,291963.0099494100,212075.6437770455,24106.2029791149
301,1,302233.9095199600,172940.0074602356,85064.0360731370
302,1,203662.3179902900,175458.3389137856,-31598.1442274537
303,1,214817.3843491400,173636.4487648355,1527.2694572348
304,1,252540.1752712300,194948.8258344905,18195.2221381904
305,1,231886.2506870000,219385.9822177056,-40248.8576499008
306,1,218495.0359239400,213352.2298595256,-44216.4438515528
307,1,243998.9156881800,260315.0834559956,-59070.4154636000
308,1,219614.3743361900,189756.4544437056,-15540.1997548474
309,1,216368.8185295700,186866.1888064956,-14379.2026370462
310,1,268185.6735409200,192465.5774675056,36615.7979302449
311,1,218448.4392118400,187101.1001544205,-20147.6423500834
312,1,312023.2690163400,228023.3730337756,22107.3597181289
