data_referencia,ano,mes,divida_bruta_pib
2006-12-01,2006,12,55.48
2007-01-01,2007,1,56.17
2007-02-01,2007,2,56.90
2007-03-01,2007,3,57.24
2007-04-01,2007,4,57.17
2007-05-01,2007,5,57.91
2007-06-01,2007,6,58.23
2007-07-01,2007,7,58.32
2007-08-01,2007,8,58.46
2007-09-01,2007,9,57.88
2007-10-01,2007,10,57.49
2007-11-01,2007,11,57.26
2007-12-01,2007,12,56.72
2008-01-01,2008,1,57.51
2008-02-01,2008,2,57.04
2008-03-01,2008,3,57.09
2008-04-01,2008,4,56.52
2008-05-01,2008,5,55.82
2008-06-01,2008,6,55.60
2008-07-01,2008,7,55.53
2008-08-01,2008,8,54.95
2008-09-01,2008,9,54.83
2008-10-01,2008,10,55.05
2008-11-01,2008,11,54.64
2008-12-01,2008,12,55.98
2009-01-01,2009,1,56.87
2009-02-01,2009,2,57.18
2009-03-01,2009,3,57.47
2009-04-01,2009,4,56.80
2009-05-01,2009,5,57.07
2009-06-01,2009,6,58.34
2009-07-01,2009,7,59.68
2009-08-01,2009,8,60.77
2009-09-01,2009,9,60.80
2009-10-01,2009,10,61.00
2009-11-01,2009,11,60.22
2009-12-01,2009,12,59.21
2010-01-01,2010,1,59.76
2010-02-01,2010,2,59.03
2010-03-01,2010,3,56.24
2010-04-01,2010,4,56.05
2010-05-01,2010,5,55.96
2010-06-01,2010,6,55.78
2010-07-01,2010,7,55.53
2010-08-01,2010,8,54.98
2010-09-01,2010,9,54.89
2010-10-01,2010,10,55.07
2010-11-01,2010,11,54.65
2010-12-01,2010,12,51.77
2011-01-01,2011,1,52.40
2011-02-01,2011,2,52.37
2011-03-01,2011,3,52.61
2011-04-01,2011,4,52.61
2011-05-01,2011,5,52.22
2011-06-01,2011,6,52.35
2011-07-01,2011,7,52.52
2011-08-01,2011,8,52.29
2011-09-01,2011,9,52.11
2011-10-01,2011,10,51.70
2011-11-01,2011,11,51.76
2011-12-01,2011,12,51.27
2012-01-01,2012,1,51.83
2012-02-01,2012,2,52.22
2012-03-01,2012,3,52.72
2012-04-01,2012,4,53.22
2012-05-01,2012,5,53.27
2012-06-01,2012,6,53.42
2012-07-01,2012,7,53.60
2012-08-01,2012,8,53.33
2012-09-01,2012,9,54.05
2012-10-01,2012,10,54.52
2012-11-01,2012,11,54.65
2012-12-01,2012,12,53.67
2013-01-01,2013,1,53.98
2013-02-01,2013,2,54.03
2013-03-01,2013,3,54.05
2013-04-01,2013,4,53.78
2013-05-01,2013,5,53.92
2013-06-01,2013,6,53.61
2013-07-01,2013,7,53.70
2013-08-01,2013,8,53.44
2013-09-01,2013,9,52.95
2013-10-01,2013,10,53.10
2013-11-01,2013,11,52.73
2013-12-01,2013,12,51.54
2014-01-01,2014,1,52.63
2014-02-01,2014,2,51.84
2014-03-01,2014,3,51.79
2014-04-01,2014,4,52.00
2014-05-01,2014,5,52.18
2014-06-01,2014,6,52.75
2014-07-01,2014,7,53.17
2014-08-01,2014,8,53.81
2014-09-01,2014,9,55.11
2014-10-01,2014,10,55.43
2014-11-01,2014,11,56.01
2014-12-01,2014,12,56.28
2015-01-01,2015,1,57.16
2015-02-01,2015,2,58.28
2015-03-01,2015,3,59.49
2015-04-01,2015,4,59.11
2015-05-01,2015,5,60.21
2015-06-01,2015,6,60.75
2015-07-01,2015,7,62.17
2015-08-01,2015,8,62.97
2015-09-01,2015,9,63.65
2015-10-01,2015,10,63.94
2015-11-01,2015,11,64.29
2015-12-01,2015,12,65.50
2016-01-01,2016,1,66.50
2016-02-01,2016,2,66.66
2016-03-01,2016,3,66.33
2016-04-01,2016,4,66.62
2016-05-01,2016,5,67.58
2016-06-01,2016,6,67.51
2016-07-01,2016,7,68.70
2016-08-01,2016,8,69.34
2016-09-01,2016,9,69.98
2016-10-01,2016,10,69.78
2016-11-01,2016,11,70.84
2016-12-01,2016,12,69.84
2017-01-01,2017,1,69.82
2017-02-01,2017,2,70.39
2017-03-01,2017,3,71.24
2017-04-01,2017,4,71.37
2017-05-01,2017,5,72.34
2017-06-01,2017,6,72.74
2017-07-01,2017,7,73.18
2017-08-01,2017,8,73.61
2017-09-01,2017,9,73.71
2017-10-01,2017,10,74.11
2017-11-01,2017,11,74.02
2017-12-01,2017,12,73.72
2018-01-01,2018,1,74.04
2018-02-01,2018,2,74.50
2018-03-01,2018,3,74.60
2018-04-01,2018,4,74.96
2018-05-01,2018,5,76.12
2018-06-01,2018,6,76.13
2018-07-01,2018,7,75.95
2018-08-01,2018,8,76.02
2018-09-01,2018,9,75.99
2018-10-01,2018,10,75.29
2018-11-01,2018,11,75.69
2018-12-01,2018,12,75.27
2019-01-01,2019,1,75.44
2019-02-01,2019,2,75.52
2019-03-01,2019,3,76.71
2019-04-01,2019,4,77.12
2019-05-01,2019,5,76.55
2019-06-01,2019,6,76.67
2019-07-01,2019,7,76.83
2019-08-01,2019,8,77.55
2019-09-01,2019,9,76.60
2019-10-01,2019,10,75.79
2019-11-01,2019,11,76.20
2019-12-01,2019,12,74.44
2020-01-01,2020,1,74.75
2020-02-01,2020,2,75.15
2020-03-01,2020,3,76.78
2020-04-01,2020,4,78.03
2020-05-01,2020,5,79.95
2020-06-01,2020,6,82.87
2020-07-01,2020,7,83.50
2020-08-01,2020,8,85.83
2020-09-01,2020,9,87.42
2020-10-01,2020,10,87.66
2020-11-01,2020,11,86.96
2020-12-01,2020,12,86.94
2021-01-01,2021,1,86.91
2021-02-01,2021,2,86.87
2021-03-01,2021,3,85.10
2021-04-01,2021,4,82.62
2021-05-01,2021,5,81.45
2021-06-01,2021,6,80.60
2021-07-01,2021,7,80.25
2021-08-01,2021,8,79.64
2021-09-01,2021,9,79.62
2021-10-01,2021,10,79.52
2021-11-01,2021,11,78.22
2021-12-01,2021,12,77.31
2022-01-01,2022,1,77.00
2022-02-01,2022,2,76.92
2022-03-01,2022,3,76.40
2022-04-01,2022,4,76.33
2022-05-01,2022,5,75.68
2022-06-01,2022,6,75.61
2022-07-01,2022,7,75.24
2022-08-01,2022,8,74.57
2022-09-01,2022,9,74.15
2022-10-01,2022,10,73.70
2022-11-01,2022,11,72.95
2022-12-01,2022,12,71.68
2023-01-01,2023,1,71.38
2023-02-01,2023,2,71.77
2023-03-01,2023,3,71.54
2023-04-01,2023,4,71.57
2023-05-01,2023,5,72.11
2023-06-01,2023,6,71.97
2023-07-01,2023,7,72.48
2023-08-01,2023,8,72.89
2023-09-01,2023,9,73.01
2023-10-01,2023,10,73.32
2023-11-01,2023,11,73.32
2023-12-01,2023,12,73.83
2024-01-01,2024,1,74.47
2024-02-01,2024,2,74.81
2024-03-01,2024,3,75.02
2024-04-01,2024,4,75.15
2024-05-01,2024,5,75.67
2024-06-01,2024,6,76.68
2024-07-01,2024,7,77.21
2024-08-01,2024,8,77.36
2024-09-01,2024,9,77.09
2024-10-01,2024,10,77.38
2024-11-01,2024,11,77.50
2024-12-01,2024,12,76.27
2025-01-01,2025,1,75.48
2025-02-01,2025,2,75.78
2025-03-01,2025,3,75.55
2025-04-01,2025,4,75.62
2025-05-01,2025,5,75.75
2025-06-01,2025,6,76.30
2025-07-01,2025,7,77.18
2025-08-01,2025,8,77.31
2025-09-01,2025,9,77.84
2025-10-01,2025,10,78.29
2025-11-01,2025,11,78.95
2025-12-01,2025,12,78.64
