id_periodo,id_fonte,ipca_mensal,ipca_acumulado_ano
1,2,0.62,0.62
2,2,0.13,0.75
3,2,0.22,0.97
4,2,0.42,1.4
5,2,0.01,1.41
6,2,0.23,1.64
7,2,1.61,3.28
8,2,1.31,4.63
9,2,0.23,4.87
10,2,0.14,5.02
11,2,0.32,5.35
12,2,0.59,5.97
13,2,0.57,0.57
14,2,0.46,1.03
15,2,0.38,1.42
16,2,0.58,2.0
17,2,0.41,2.42
18,2,0.52,2.96
19,2,1.33,4.32
20,2,0.7,5.06
21,2,0.28,5.35
22,2,0.83,6.22
23,2,0.71,6.98
24,2,0.65,7.67
25,2,0.52,0.52
26,2,0.36,0.88
27,2,0.6,1.49
28,2,0.8,2.3
29,2,0.21,2.51
30,2,0.42,2.94
31,2,1.19,4.17
32,2,0.65,4.85
33,2,0.72,5.6
34,2,1.31,6.98
35,2,3.02,10.22
36,2,2.1,12.53
37,2,2.25,2.25
38,2,1.57,3.86
39,2,1.23,5.13
40,2,0.97,6.15
41,2,0.61,6.8
42,2,-0.15,6.64
43,2,0.2,6.85
44,2,0.34,7.22
45,2,0.78,8.05
46,2,0.29,8.37
47,2,0.34,8.73
48,2,0.52,9.3
49,2,0.76,0.76
50,2,0.61,1.37
51,2,0.47,1.85
52,2,0.37,2.23
53,2,0.51,2.75
54,2,0.71,3.48
55,2,0.91,4.42
56,2,0.69,5.14
57,2,0.33,5.49
58,2,0.44,5.95
59,2,0.69,6.68
60,2,0.86,7.6
61,2,0.58,0.58
62,2,0.59,1.17
63,2,0.61,1.79
64,2,0.87,2.68
65,2,0.49,3.18
66,2,-0.02,3.16
67,2,0.25,3.42
68,2,0.17,3.59
69,2,0.35,3.95
70,2,0.75,4.73
71,2,0.55,5.31
72,2,0.36,5.69
73,2,0.59,0.59
74,2,0.41,1.0
75,2,0.43,1.44
76,2,0.21,1.65
77,2,0.1,1.75
78,2,-0.21,1.54
79,2,0.19,1.73
80,2,0.05,1.78
81,2,0.21,2.0
82,2,0.33,2.33
83,2,0.31,2.65
84,2,0.48,3.14
85,2,0.44,0.44
86,2,0.44,0.88
87,2,0.37,1.26
88,2,0.25,1.51
89,2,0.28,1.79
90,2,0.28,2.08
91,2,0.24,2.32
92,2,0.47,2.8
93,2,0.18,2.99
94,2,0.3,3.3
95,2,0.38,3.69
96,2,0.74,4.46
97,2,0.54,0.54
98,2,0.49,1.03
99,2,0.48,1.52
100,2,0.55,2.08
101,2,0.79,2.88
102,2,0.74,3.64
103,2,0.53,4.19
104,2,0.28,4.48
105,2,0.26,4.76
106,2,0.45,5.23
107,2,0.36,5.61
108,2,0.28,5.9
109,2,0.48,0.48
110,2,0.55,1.03
111,2,0.2,1.23
112,2,0.48,1.72
113,2,0.47,2.2
114,2,0.36,2.57
115,2,0.24,2.81
116,2,0.15,2.97
117,2,0.24,3.21
118,2,0.28,3.5
119,2,0.41,3.93
120,2,0.37,4.31
121,2,0.75,0.75
122,2,0.78,1.54
123,2,0.52,2.06
124,2,0.57,2.65
125,2,0.43,3.09
126,2,0.0,3.09
127,2,0.01,3.1
128,2,0.04,3.14
129,2,0.45,3.6
130,2,0.75,4.38
131,2,0.83,5.25
132,2,0.63,5.91
133,2,0.83,0.83
134,2,0.8,1.64
135,2,0.79,2.44
136,2,0.77,3.23
137,2,0.47,3.71
138,2,0.15,3.87
139,2,0.16,4.04
140,2,0.37,4.42
141,2,0.53,4.97
142,2,0.43,5.43
143,2,0.52,5.97
144,2,0.5,6.5
145,2,0.56,0.56
146,2,0.45,1.01
147,2,0.21,1.22
148,2,0.64,1.87
149,2,0.36,2.24
150,2,0.08,2.32
151,2,0.43,2.76
152,2,0.41,3.18
153,2,0.57,3.77
154,2,0.59,4.38
155,2,0.6,5.01
156,2,0.79,5.84
157,2,0.86,0.86
158,2,0.6,1.47
159,2,0.47,1.94
160,2,0.55,2.5
161,2,0.37,2.88
162,2,0.26,3.15
163,2,0.03,3.18
164,2,0.24,3.43
165,2,0.35,3.79
166,2,0.57,4.38
167,2,0.54,4.95
168,2,0.92,5.91
169,2,0.55,0.55
170,2,0.69,1.24
171,2,0.92,2.18
172,2,0.67,2.86
173,2,0.46,3.33
174,2,0.4,3.75
175,2,0.01,3.76
176,2,0.25,4.02
177,2,0.57,4.61
178,2,0.42,5.05
179,2,0.51,5.58
180,2,0.78,6.41
181,2,1.24,1.24
182,2,1.22,2.48
183,2,1.32,3.83
184,2,0.71,4.56
185,2,0.74,5.34
186,2,0.79,6.17
187,2,0.62,6.83
188,2,0.22,7.06
189,2,0.54,7.64
190,2,0.82,8.53
191,2,1.01,9.62
192,2,0.96,10.67
193,2,1.27,1.27
194,2,0.9,2.18
195,2,0.43,2.62
196,2,0.61,3.25
197,2,0.78,4.05
198,2,0.35,4.42
199,2,0.52,4.96
200,2,0.44,5.42
201,2,0.08,5.51
202,2,0.26,5.78
203,2,0.18,5.97
204,2,0.3,6.29
205,2,0.38,0.38
206,2,0.33,0.71
207,2,0.25,0.96
208,2,0.14,1.1
209,2,0.31,1.42
210,2,-0.23,1.18
211,2,0.24,1.43
212,2,0.19,1.62
213,2,0.16,1.78
214,2,0.42,2.21
215,2,0.28,2.5
216,2,0.44,2.95
217,2,0.29,0.29
218,2,0.32,0.61
219,2,0.09,0.7
220,2,0.22,0.92
221,2,0.4,1.33
222,2,1.26,2.6
223,2,0.33,2.94
224,2,-0.09,2.85
225,2,0.48,3.34
226,2,0.45,3.81
227,2,-0.21,3.59
228,2,0.15,3.75
229,2,0.32,0.32
230,2,0.43,0.75
231,2,0.75,1.51
232,2,0.57,2.09
233,2,0.13,2.22
234,2,0.01,2.23
235,2,0.19,2.42
236,2,0.11,2.54
237,2,-0.04,2.49
238,2,0.1,2.6
239,2,0.51,3.12
240,2,1.15,4.31
241,2,0.21,0.21
242,2,0.25,0.46
243,2,0.07,0.53
244,2,-0.31,0.22
245,2,-0.38,-0.16
246,2,0.26,0.1
247,2,0.36,0.46
248,2,0.24,0.7
249,2,0.64,1.34
250,2,0.86,2.22
251,2,0.89,3.13
252,2,1.35,4.52
253,2,0.25,0.25
254,2,0.86,1.11
255,2,0.93,2.05
256,2,0.31,2.37
257,2,0.83,3.22
258,2,0.53,3.77
259,2,0.96,4.76
260,2,0.87,5.67
261,2,1.16,6.9
262,2,1.25,8.24
263,2,0.95,9.26
264,2,0.73,10.06
265,2,0.54,0.54
266,2,1.01,1.56
267,2,1.62,3.2
268,2,1.06,4.29
269,2,0.47,4.78
270,2,0.67,5.49
271,2,-0.68,4.77
272,2,-0.36,4.39
273,2,-0.29,4.09
274,2,0.59,4.7
275,2,0.41,5.13
276,2,0.62,5.78
277,2,0.53,0.53
278,2,0.84,1.37
279,2,0.71,2.09
280,2,0.61,2.72
281,2,0.23,2.95
282,2,-0.08,2.87
283,2,0.12,2.99
284,2,0.23,3.23
285,2,0.26,3.5
286,2,0.24,3.75
287,2,0.28,4.04
288,2,0.56,4.62
289,2,0.42,0.42
290,2,0.83,1.25
291,2,0.16,1.42
292,2,0.38,1.8
293,2,0.46,2.27
294,2,0.21,2.48
295,2,0.38,2.87
296,2,-0.02,2.85
297,2,0.44,3.31
298,2,0.56,3.88
299,2,0.39,4.29
300,2,0.52,4.83
301,2,0.16,0.16
302,2,1.31,1.47
303,2,0.56,2.04
304,2,0.43,2.48
305,2,0.26,2.75
306,2,0.24,2.99
307,2,0.26,3.26
308,2,-0.11,3.15
309,2,0.48,3.64
310,2,0.09,3.73
311,2,0.18,3.92
312,2,0.33,4.26
